url,page_type,title,meta_description
https://skillcubator.com/what-it-hiring-managers-look-for-beyond-certifications/,other,What IT Hiring Managers Look for Beyond Certifications,"Discover what IT hiring managers look for beyond certifications and how placement-aligned, instructor-led IT training helps bridge the gap between learning and employability."
https://skillcubator.com/product/guidewire-business-analysis/,product,Guidewire Business Analysis - Skillcubator,
https://skillcubator.com/product/interview-preparation/,product,Interview Preparation | Crack Your Job Interview – Skillcubator,Get trained by a certified career coach to ace your job interview with confidence. Our interview preparation service helps you succeed.
https://skillcubator.com/product/certified-business-analysis-professional/,product,CBAP Certification Training Online | Skillcubator,Get ready for CBAP Certification with Skillcubator's instructor-led course. Develop advanced business analysis skills and meet IIBA requirements.
https://skillcubator.com/product/workday-business-analysis/,product,Workday Business Analysis - Skillcubator,
https://skillcubator.com/services/business-domain-training/,service,Business Analyst Domain Training - Skillcubator,"Enroll in Business Analyst Domain Training to master BA fundamentals, industry-specific domains, and real-world projects. Enroll Now !!"
https://skillcubator.com/product/product-management/,product,Product Management - Skillcubator,
https://skillcubator.com/career-change-plan-into-it-for-mid-career-professionals/,other,Career Transition to IT | A Realistic Mid-Career Path | Skillcubator,Career change to IT beyond 30. Discover a realistic IT career path for mid-career professionals switching careers to tech from non-tech roles
https://skillcubator.com/resources/reports/,other,Reports - Skillcubator,
https://skillcubator.com/product/mentoring-and-coaching/,product,Mentoring and Coaching Career | Skillcubator,Make a smooth career switch into Mentoring and Coaching with expert mentoring .Our proven guidance helps you build a personalized roadmap for success.
https://skillcubator.com/resources/,other,Resources - Skillcubator,
https://skillcubator.com/thank-you/,other,Thank you - Skillcubator,
https://skillcubator.com/product/placement-support/,product,Placement Support Services | Skillcubator,"Get end-to-end placement support services to land your dream job. From resume building to interview prep, Skillcubator guides you every step of the way."
https://skillcubator.com/business-analyst-and-data-analyst-differences/,other,Business Analyst and Data Analyst Differences - Skillcubator,Business Analyst and Data Analyst are two distinct roles.Want to know all the Business Analyst and Data Analyst Differences? Read our blog.
https://skillcubator.com/product/data-science/,product,Data Science - Skillcubator,
https://skillcubator.com/agile-business-analyst-complete-guide/,other,Certified Agile Business Analyst : 11+ Steps to Become ABA,Are you looking to kickstart your career as a certified agile business analyst in an agile environment? Checkout our blog to know more.
https://skillcubator.com/services/personal-branding/,service,Personal Branding | Skillcubator,Make a boost in your career with the Personal Branding course of Skillcubator. Learn to develop PB have opportunities knocking at your door.
https://skillcubator.com/product/insurance/,product,Insurance Domain Training | Skillcubator,Gain in-depth knowledge of the insurance domain from Experts with 20+ years of experience. This training equips you with the skills.
https://skillcubator.com/sat/,other,SAT - Skillcubator,
https://skillcubator.com/product/cloud-business-analysis/,product,Cloud Business Analysis - Skillcubator,
https://skillcubator.com/blog/,blog,SkillCubator Blog: Insights for Personal & Professional Growth,Visit SkillCubator blog to get expert advice & insights about skill development & learning to take your professional journey to next level.
https://skillcubator.com/checkout/,other,Cart - Skillcubator,
https://skillcubator.com/services/placement-services/,service,Placement Services | Skillcubator,"Placement Services link you up with great companies. Have your own dedicated career guidance, interview preparation to land your ideal job."
https://skillcubator.com/courses/,other,Professional Online Courses | Skillcubator Training Programs,"Browse Skillcubator industry-focused professional online courses in Business Analysis, Data Analytics, QA Testing & more."
https://skillcubator.com/resources/faq/,faq,Frequently Asked Questions - Skillcubator,
https://skillcubator.com/register/,other,Register - Skillcubator,
https://skillcubator.com/services/,service,Services - Skillcubator,
https://skillcubator.com/product/fintech-business-analysis/,product,Fintech Business Analysis - Skillcubator,
https://skillcubator.com/top-skills-for-it-career-transition/,other,Top IT Skills to Build in 2026 | Career Transition Guide | Skillcubator,"Want to break into IT this year? Discover the top skills to build in 2026, from Agentic AI to Cloud Data Engineering, and learn how Skillcubator helps you pivot with confidence."
https://skillcubator.com/shop/,other,Shop - Skillcubator,
https://skillcubator.com/business-process-management-101/,other,Business Process Management 101 | Skillcubator,Find the fundamentals of Business Process Management 101 in this guide. Learn how BPM can streamline operations and drive business growth.
https://skillcubator.com/contact-us/,contact,Contact Us - Skillcubator,
https://skillcubator.com/future-data-business-analyst-roles-2026/,other,Future of Data & Business Analyst Roles: Skills for 2026,"Explore how data and business analyst roles are evolving in 2026. Discover the skills, tools, and trends professionals should focus on to stay competitive."
https://skillcubator.com/youtube-videos/,other,YouTube videos - Skillcubator,
https://skillcubator.com/how-to-build-niche-expertise-in-business-analysis/,other,How to Build Niche Expertise in Business Analysis | Skillcubator,"Discover how mid-career professionals can build niche BA expertise in Salesforce, ServiceNow, Guidewire, Fintech, and Cloud platforms to stand out, stay competitive, and stop being replaceable in a crowded job market."
https://skillcubator.com/product/aws-solutions-architect/,product,AWS Solutions Architect - Skillcubator,
https://skillcubator.com/product/healthcare-business-analyst-canada/,product,Healthcare Business Analyst (Canada) - Skillcubator,
https://skillcubator.com/product/healthcare-business-analyst/,product,Healthcare Business Analyst - Skillcubator,
https://skillcubator.com/product/secondary-mortgage/,product,Secondary Mortgage - Skillcubator,
https://skillcubator.com/product/servicenow-business-analysis/,service,ServiceNow Business Analysis - Skillcubator,
https://skillcubator.com/,other,IT Training Institute & Certifications | Skillcubator,"Skillcubator is a premier training institute, which offers best job-based and certification-based IT training programs to any professional."
https://skillcubator.com/jira-query-language/,other,Jira Query Language (JQL): A Beginner's Guide - Skillcubator,"Discover the power of Jira Query Language in this comprehensive guide. Learn to search, filter & sort issues in Jira, improving PM."
https://skillcubator.com/sitemap/,other,Sitemap - Skillcubator,
https://skillcubator.com/resources/templates/,other,Templates - Skillcubator,
https://skillcubator.com/product/investment-banking/,product,Investment Banking Course-Build a Career in Finance | Skillcubator,"Kickstart your career in investment banking with Skillcubator’s hands-on course. Learn financial modeling, M&A, and valuation techniques."
https://skillcubator.com/resources/request-free-demo/,other,Request Free Demo - Skillcubator,
https://skillcubator.com/product/electronic-payment-processing-debit-credit/,product,Electronic Payment Processing (Debit/Credit) - Skillcubator,
https://skillcubator.com/requirements-elicitation-techniques/,other,Requirements Elicitation Techniques | 10+ Effective RET in 2025,Discover top Requirements Elicitation Techniques in 2025 to gather key insights from stakeholders for successful software project outcomes.
https://skillcubator.com/privacy-policy/,other,Privacy Policy - Skillcubator,
https://skillcubator.com/product/artificial-intelligence-business-analysis-training-and-placement-program/,product,Artificial Intelligence (AI) Business Analysis Training and Placement Program | Skillcubator,Artificial Intelligence (AI) is transforming how businesses operate—and business analysts are at the forefront of this evolution.
https://skillcubator.com/my-account/,other,My account - Skillcubator,
https://skillcubator.com/cocat/,other,CoCAT - Skillcubator,
https://skillcubator.com/how-to-choose-the-right-it-course/,other,How to Choose Right IT Certification Course for Your Career Goal,"Learn how to choose the right IT certification courses based on your career goals, not trends. A strategic guide for working professionals planning career growth or transition."
https://skillcubator.com/product/salesforce-business-analysis-administration-training-and-placement-program/,product,Salesforce Business Analysis/Administration Training and Placement Program - Skillcubator,
https://skillcubator.com/business-analyst-tools/,other,Business Analyst Tools : 13+ Business Analyst Tools in 2025,Would you like to fulfill your business analysis tasks quickly? Check out these Business Analyst Tools in 2025 that make your job simple.
https://skillcubator.com/scrum-framework-complete-guide/,other,Scrum Framework Complete Guide for 2025 | Skillcubator,looking to use the Scrum framework for your software development projects? Check out our blog Scrum Framework Complete Guide for 2025.
https://skillcubator.com/cart/,other,Cart - Skillcubator,
https://skillcubator.com/project-scope-vs-product-scope-differences/,other,Project Scope vs Product Scope | How do they Differ? - Skillcubator,"Understanding Project Scope vs Product Scope is key to project success. Learn the differences to manage goals, deliverables effectively."
https://skillcubator.com/product/capital-market-business-analyst/,product,Capital Market Business Analyst - Skillcubator,
https://skillcubator.com/robotic-process-automation-guide/,other,Robotic Process Automation (RPA) Complete Guide for 2025,Are you looking to build an aspiring career as an RPA business analyst? Read this blog Robotic Process Automation Complete Guide for 2025.
https://skillcubator.com/product/retail-banking/,product,Retail Banking Course | Learn Banking Skills Online – Skillcubator,"Master the fundamentals of retail banking with Skillcubator’s expert-led course. Gain practical skills in customer service, banking operations."
https://skillcubator.com/about-us/,about,About Us - Skillcubator,
